{"mse": 6.023194815970788, "rmse": 2.454219797811677, "mape": 370717827492.60455, "r2": 0.9942676722974151}